Date,Product,Region,Quantity,Price,Total_Sales
2023-04-15,Tablet,West,1,799,2997
2023-03-23,Tablet,East,4,799,1196
2023-03-22,Laptop,South,4,299,1998
2023-02-28,Laptop,North,4,999,1598
2023-04-25,Laptop,East,3,499,598
2023-04-28,Headphones,East,2,999,2997
2023-03-12,Tablet,West,4,799,2397
2023-03-07,Laptop,North,3,999,3196
2023-04-14,Phone,South,1,999,999
2023-04-28,Tablet,West,3,299,299
2023-03-14,Laptop,West,2,299,3996
2023-06-06,Phone,South,4,999,499
2023-02-26,Headphones,South,2,999,3996
2023-06-23,Headphones,North,2,299,299
2023-05-18,Tablet,North,4,999,299
2023-04-28,Laptop,North,1,499,799
2023-01-07,Laptop,West,1,299,1196
2023-03-19,Laptop,West,3,499,499
2023-05-10,Tablet,South,1,299,2397
2023-04-02,Laptop,West,3,499,598
2023-05-03,Headphones,West,2,499,2397
2023-03-05,Tablet,South,3,799,999
2023-06-07,Tablet,North,3,499,1998
2023-04-13,Tablet,East,4,499,299
2023-05-04,Phone,North,3,499,499
2023-03-04,Laptop,West,3,499,2997
2023-04-02,Phone,North,2,799,999
2023-04-28,Headphones,West,4,999,998
2023-02-23,Headphones,North,3,999,799
2023-01-27,Phone,North,4,799,499
2023-06-08,Tablet,North,2,799,499
2023-02-12,Headphones,East,3,999,1196
2023-01-20,Laptop,South,1,999,1196
2023-06-07,Phone,East,1,799,299
2023-01-27,Laptop,South,2,299,998
2023-05-01,Laptop,East,2,999,299
2023-02-06,Headphones,East,4,499,897
2023-03-17,Tablet,South,4,799,3996
2023-06-22,Tablet,East,4,299,799
2023-04-27,Phone,West,1,499,1196
2023-03-04,Tablet,South,3,499,897
2023-04-09,Laptop,West,4,499,598
2023-01-11,Headphones,North,1,999,1497
2023-06-10,Tablet,East,4,299,598
2023-01-20,Headphones,North,2,799,3996
2023-04-05,Laptop,West,3,499,799
2023-03-19,Headphones,West,3,299,3996
2023-01-24,Headphones,East,1,299,3996
2023-04-03,Headphones,South,1,499,799
2023-02-14,Phone,South,2,499,3196
2023-01-04,Laptop,West,1,999,299
2023-04-24,Headphones,West,3,499,299
2023-01-16,Headphones,East,3,999,2997
2023-06-06,Phone,North,3,999,1996
2023-03-02,Laptop,South,1,299,897
2023-01-05,Headphones,North,4,499,1996
2023-01-17,Headphones,West,2,799,1598
2023-06-03,Headphones,North,1,299,799
2023-06-21,Tablet,East,4,799,1996
2023-05-21,Headphones,East,1,299,897
2023-02-25,Phone,East,2,999,897
2023-06-24,Phone,West,3,999,2997
2023-03-10,Phone,South,1,299,799
2023-03-22,Headphones,East,1,999,2997
2023-03-18,Laptop,West,1,299,998
2023-01-04,Laptop,West,1,299,3996
2023-06-12,Tablet,East,3,299,1998
2023-06-19,Laptop,South,3,999,999
2023-02-26,Phone,North,4,999,998
2023-06-11,Headphones,North,1,299,299
2023-04-12,Laptop,East,4,999,299
2023-04-15,Tablet,East,4,299,3196
2023-02-28,Phone,South,3,799,1996
2023-03-28,Phone,East,2,799,1598
2023-06-23,Tablet,North,4,799,999
2023-02-01,Tablet,South,4,999,598
2023-01-08,Laptop,North,1,299,499
2023-05-22,Laptop,East,3,299,598
2023-03-05,Phone,North,1,999,3196
2023-01-14,Phone,West,1,299,3996
2023-02-16,Laptop,East,4,799,1998
2023-05-23,Phone,South,2,799,3996
2023-04-10,Phone,East,2,299,299
2023-05-13,Headphones,West,4,299,2997
2023-01-28,Headphones,West,3,299,1196
2023-02-03,Headphones,North,1,799,1497
2023-05-12,Tablet,North,1,299,998
2023-04-13,Headphones,East,2,999,499
2023-02-03,Tablet,North,2,299,999
2023-02-26,Phone,South,3,799,897
2023-02-21,Phone,North,3,799,1196
2023-01-21,Laptop,North,4,999,799
2023-03-17,Tablet,West,4,999,499
2023-06-05,Headphones,North,3,799,2397
2023-03-09,Phone,North,1,999,1196
2023-01-22,Laptop,East,3,799,1196
2023-05-09,Tablet,West,1,499,3996
2023-04-19,Phone,East,4,799,499
2023-04-25,Headphones,East,1,299,499
2023-01-07,Laptop,North,2,999,2997
2023-02-05,Tablet,East,1,499,2997
2023-04-09,Phone,South,4,799,999
2023-06-13,Headphones,South,1,999,2997
2023-02-05,Laptop,North,2,499,1196
2023-05-01,Phone,West,1,499,2397
2023-05-04,Headphones,South,4,499,2397
2023-04-22,Tablet,East,2,999,1497
2023-06-03,Laptop,North,2,299,1998
2023-04-28,Headphones,North,3,799,2397
2023-03-13,Headphones,South,1,499,3196
2023-01-24,Laptop,South,1,999,598
2023-05-13,Laptop,East,1,299,1598
2023-03-28,Laptop,West,3,499,3196
2023-02-15,Laptop,North,2,499,2397
2023-05-22,Phone,East,4,499,499
2023-04-10,Headphones,West,4,999,1196
2023-04-21,Headphones,South,4,299,598
2023-02-28,Phone,West,4,799,299
2023-03-22,Tablet,North,1,799,299
2023-05-28,Headphones,North,1,999,2397
2023-06-18,Tablet,West,1,499,999
2023-02-24,Phone,South,3,799,499
2023-01-22,Laptop,South,4,499,499
2023-05-26,Tablet,North,2,499,2397
2023-05-01,Phone,North,3,499,799
2023-06-28,Laptop,North,3,799,998
2023-05-23,Laptop,North,1,999,998
2023-01-21,Phone,North,2,799,2397
2023-05-04,Phone,North,1,299,3996
2023-04-08,Tablet,South,2,999,1998
2023-03-27,Phone,West,1,999,3196
2023-06-27,Laptop,North,4,499,1497
2023-05-21,Phone,South,3,499,2997
2023-04-02,Phone,South,2,999,998
2023-03-19,Tablet,South,4,799,1598
2023-04-23,Phone,East,1,799,299
2023-02-24,Laptop,South,1,299,1196
2023-05-02,Phone,North,2,799,998
2023-03-16,Tablet,East,3,799,1497
2023-03-22,Headphones,West,4,299,1196
2023-01-03,Headphones,East,3,799,3996
2023-05-26,Tablet,East,1,799,598
2023-02-22,Laptop,South,1,799,299
2023-02-14,Phone,North,2,999,499
2023-01-26,Laptop,East,1,999,897
2023-06-11,Tablet,West,1,799,598
2023-01-08,Laptop,East,1,299,1497
2023-06-14,Phone,West,3,999,3996
2023-05-26,Phone,East,4,499,1497
2023-06-11,Tablet,West,1,999,1998
2023-03-19,Tablet,West,1,499,299
2023-02-07,Laptop,North,3,999,1998
2023-04-25,Laptop,North,4,799,3996
2023-03-09,Laptop,South,3,299,2997
2023-02-15,Headphones,West,1,299,2997
2023-01-05,Phone,West,2,299,998
2023-03-13,Phone,North,1,799,999
2023-05-06,Phone,East,4,299,998
2023-06-24,Tablet,North,3,499,1497
2023-05-04,Headphones,East,2,999,1196
2023-03-04,Tablet,South,2,799,598
2023-06-19,Phone,North,2,499,897
2023-02-19,Laptop,West,1,999,1998
2023-04-19,Headphones,North,4,799,1996
2023-01-26,Phone,West,2,799,998
2023-04-13,Tablet,East,1,999,598
2023-02-05,Tablet,South,4,999,299
2023-02-20,Laptop,East,1,799,799
2023-03-15,Headphones,South,3,499,998
2023-01-05,Phone,West,4,999,1598
2023-03-09,Phone,West,3,499,299
2023-06-28,Headphones,North,4,499,799
2023-06-28,Phone,East,1,799,499
2023-03-14,Phone,South,4,799,999
2023-01-18,Headphones,West,3,299,598
2023-03-06,Laptop,East,3,499,799
2023-01-01,Tablet,East,2,999,299
2023-03-07,Tablet,South,2,499,1497
2023-02-20,Tablet,East,1,799,3996
2023-03-04,Laptop,South,1,799,799
2023-03-23,Laptop,South,4,999,1998
2023-05-27,Phone,North,2,999,499
2023-04-13,Headphones,West,4,499,299
2023-05-15,Headphones,West,1,999,1497
2023-03-19,Headphones,West,2,499,2397
2023-04-11,Phone,South,4,999,598
2023-02-14,Tablet,West,2,799,3996
2023-02-25,Laptop,East,4,299,897
2023-04-04,Headphones,West,1,299,299
2023-02-17,Headphones,East,2,799,998
2023-05-14,Headphones,North,2,499,2397
2023-06-05,Laptop,South,2,299,998
2023-01-01,Tablet,South,3,499,1996
2023-05-15,Laptop,North,1,999,3196
2023-05-26,Laptop,East,3,299,999
2023-03-06,Phone,East,2,499,998
2023-01-11,Tablet,West,3,499,598
2023-01-07,Headphones,South,1,299,799
2023-05-11,Phone,South,4,999,799
2023-01-20,Laptop,North,4,999,598
2023-05-08,Laptop,East,1,299,999
2023-03-27,Headphones,East,2,299,1598
2023-01-13,Laptop,South,4,299,2997
2023-01-14,Tablet,East,2,999,598
2023-01-18,Phone,South,3,499,3196
2023-05-23,Tablet,East,4,999,998
2023-06-02,Headphones,North,3,499,1196
2023-02-07,Laptop,West,1,799,1497
2023-03-08,Phone,North,3,799,1497
2023-01-28,Tablet,West,2,499,1196
2023-06-24,Phone,East,4,299,3196
2023-06-21,Phone,East,3,299,998
2023-02-07,Laptop,East,1,499,3196
2023-03-04,Laptop,West,2,999,499
2023-05-20,Tablet,South,3,999,1497
2023-04-20,Laptop,North,2,299,1598
2023-02-21,Headphones,East,4,999,598
2023-01-10,Phone,West,3,999,897
2023-01-18,Tablet,North,2,799,3996
2023-05-25,Tablet,North,2,999,2997
2023-04-26,Phone,North,1,999,2397
2023-03-06,Phone,West,1,999,3196
2023-06-02,Laptop,North,1,999,598
2023-05-10,Phone,North,3,799,2997
2023-03-08,Phone,West,1,799,499
2023-02-13,Laptop,South,1,299,1998
2023-06-02,Headphones,South,3,799,2397
2023-04-19,Phone,North,1,499,1996
2023-04-17,Tablet,East,4,499,1998
2023-06-22,Laptop,West,1,999,1996
2023-04-19,Tablet,West,3,799,998
2023-05-11,Phone,North,2,999,799
2023-01-08,Laptop,North,1,799,897
2023-02-25,Tablet,East,3,999,299
2023-04-19,Phone,South,2,299,2397
2023-04-27,Tablet,North,1,799,1598
2023-01-15,Headphones,South,4,299,897
2023-05-17,Tablet,North,2,299,598
2023-01-18,Laptop,West,3,499,1598
2023-05-26,Tablet,West,2,299,2397
2023-02-21,Phone,South,3,999,2397
2023-01-19,Headphones,West,2,499,2397
2023-02-20,Tablet,East,2,499,998
2023-01-14,Tablet,West,3,299,3196
2023-02-03,Laptop,East,4,999,1497
2023-04-07,Tablet,West,1,299,999
2023-01-13,Phone,North,4,799,598
2023-06-02,Tablet,East,2,999,998
2023-05-13,Phone,West,4,499,1497
2023-06-20,Laptop,South,1,799,1598
2023-04-25,Headphones,West,4,499,999
2023-06-25,Tablet,East,4,799,999
2023-01-03,Laptop,South,4,999,598
2023-02-05,Laptop,West,1,799,998
2023-01-15,Laptop,North,4,299,1996
2023-02-05,Laptop,North,3,299,998
2023-06-24,Tablet,South,1,999,499
2023-04-04,Tablet,West,4,799,2997
2023-05-19,Laptop,South,2,499,1598
2023-02-09,Laptop,South,3,299,1598
2023-05-22,Tablet,East,1,799,897
2023-02-17,Laptop,East,2,499,1998
2023-06-17,Headphones,East,4,499,1598
2023-05-15,Laptop,North,4,999,999
2023-03-09,Headphones,East,3,299,799
2023-03-25,Phone,West,2,799,897
2023-01-05,Tablet,East,2,299,1996
2023-06-08,Tablet,North,4,999,1998
2023-05-28,Headphones,North,4,799,799
2023-02-08,Laptop,West,2,799,2997
2023-03-24,Headphones,South,4,499,799
2023-01-06,Headphones,East,4,299,3196
2023-03-27,Headphones,North,1,499,799
2023-05-10,Headphones,East,3,999,1996
2023-05-11,Laptop,South,1,499,1497
2023-02-10,Headphones,East,1,999,1497
2023-02-04,Phone,South,1,799,1996
2023-02-13,Phone,East,1,799,299
2023-02-28,Headphones,West,1,499,3996
2023-03-07,Phone,North,4,999,897
2023-04-15,Phone,North,1,999,1196
2023-04-18,Headphones,East,4,799,3996
2023-01-10,Phone,North,2,999,1996
2023-02-18,Phone,West,3,799,1196
2023-03-03,Headphones,North,4,499,499
2023-01-06,Tablet,East,4,499,2997
2023-02-02,Phone,South,1,299,499
2023-05-09,Tablet,East,3,799,499
2023-04-02,Tablet,South,4,999,1497
2023-03-17,Phone,West,4,299,799
2023-05-27,Headphones,South,3,799,499
2023-03-01,Phone,West,2,499,1598
2023-03-17,Laptop,West,4,999,897
2023-03-08,Headphones,South,1,799,799
2023-03-14,Phone,West,3,499,299
2023-04-21,Headphones,West,2,499,3996
2023-01-14,Tablet,North,2,299,1196
2023-01-06,Headphones,North,4,499,1998
2023-05-21,Phone,West,4,499,3196
2023-01-08,Laptop,South,2,299,1998
2023-06-11,Laptop,North,1,299,1598
2023-03-22,Tablet,West,1,799,3196
2023-06-15,Headphones,South,2,299,3196
2023-02-08,Headphones,South,4,799,1598
2023-01-09,Laptop,South,1,799,3996
2023-06-07,Phone,South,3,999,1998
2023-02-15,Phone,South,3,299,299
2023-03-03,Tablet,South,1,999,499
2023-01-18,Headphones,West,4,999,3996
2023-04-15,Tablet,East,3,499,1196
2023-04-06,Phone,South,2,499,1497
2023-01-28,Phone,South,3,999,598
2023-04-13,Laptop,North,3,999,1497
2023-06-04,Laptop,West,1,499,499
2023-03-12,Phone,South,2,499,1598
2023-01-27,Tablet,West,2,499,2397
2023-05-22,Tablet,East,1,499,3196
2023-06-21,Tablet,South,1,299,3196
2023-04-28,Headphones,South,4,299,3996
2023-01-19,Headphones,North,4,999,999
2023-04-02,Tablet,South,4,999,2997
2023-03-19,Phone,South,1,299,2397
2023-02-08,Laptop,East,1,499,598
2023-04-16,Phone,East,2,299,1998
2023-02-23,Laptop,North,2,799,999
2023-06-28,Laptop,East,2,299,2397
2023-04-02,Tablet,South,1,499,799
2023-04-02,Tablet,North,1,499,299
2023-04-24,Headphones,North,3,499,1497
2023-02-03,Phone,South,4,999,999
2023-04-09,Laptop,North,4,299,897
2023-01-25,Headphones,South,4,299,499
2023-05-15,Laptop,West,1,799,299
2023-04-24,Headphones,East,3,999,1996
2023-05-20,Phone,South,2,799,2397
2023-04-26,Laptop,North,3,499,1598
2023-05-27,Laptop,North,1,499,598
2023-02-20,Laptop,South,4,499,2997
2023-02-25,Phone,North,1,499,897
2023-03-18,Tablet,West,2,299,897
2023-06-13,Headphones,West,2,999,1996
2023-02-21,Laptop,East,4,799,3996
2023-05-15,Phone,East,2,799,1497
2023-02-11,Phone,South,2,999,999
2023-01-12,Tablet,West,1,999,3196
2023-01-19,Tablet,West,2,799,3196
2023-01-26,Phone,West,2,999,3996
2023-01-01,Laptop,North,4,799,799
2023-05-09,Tablet,West,2,799,1998
2023-04-06,Tablet,South,2,999,799
2023-03-13,Tablet,North,4,999,998
2023-01-21,Tablet,North,4,999,1497
2023-05-19,Headphones,North,1,799,299
2023-01-03,Headphones,South,2,499,897
2023-06-14,Phone,South,2,799,2397
2023-02-08,Headphones,South,2,299,799
2023-02-25,Headphones,North,2,299,499
2023-04-04,Tablet,East,4,499,1998
2023-02-12,Tablet,East,1,799,1497
2023-05-28,Tablet,North,4,499,1497
2023-04-21,Laptop,South,3,999,1598
2023-04-16,Laptop,West,2,499,499
2023-04-03,Headphones,West,2,299,1998
2023-02-17,Laptop,West,2,799,998
2023-04-10,Tablet,North,3,499,897
2023-01-10,Laptop,South,4,299,1196
2023-06-07,Phone,North,4,299,999
2023-03-13,Tablet,South,2,799,598
2023-01-26,Laptop,East,2,299,1598
2023-05-10,Headphones,West,4,799,998
2023-05-04,Phone,West,3,299,1996
2023-02-25,Phone,East,4,999,499
2023-02-05,Tablet,North,3,299,1598
2023-05-17,Phone,West,1,499,897
2023-03-10,Laptop,South,1,799,999
2023-01-02,Headphones,East,3,799,998
2023-02-22,Laptop,East,1,799,1497
2023-04-14,Tablet,West,2,999,598
2023-05-14,Headphones,West,1,799,1996
2023-01-08,Laptop,East,2,799,897
2023-05-17,Headphones,South,4,799,1996
2023-05-08,Phone,West,2,499,598
2023-05-26,Tablet,South,2,999,897
2023-02-06,Laptop,East,2,499,598
2023-06-12,Phone,West,1,799,499
2023-01-23,Headphones,South,2,999,499
2023-04-17,Headphones,West,4,299,897
2023-06-13,Tablet,West,3,299,1598
2023-04-08,Headphones,West,1,799,1598
2023-04-06,Phone,South,4,499,3196
2023-05-16,Headphones,South,4,999,999
2023-04-01,Tablet,South,1,999,799
2023-02-27,Laptop,North,1,499,897
2023-06-23,Phone,West,2,499,998
2023-06-11,Tablet,South,4,799,3996
2023-04-15,Laptop,South,2,999,499
2023-06-24,Phone,South,2,999,897
2023-04-14,Laptop,East,1,499,998
2023-02-03,Phone,South,4,999,3996
2023-01-02,Laptop,North,2,799,1996
2023-06-01,Phone,West,2,999,299
2023-03-03,Laptop,South,1,799,999
2023-05-02,Headphones,North,3,299,299
2023-04-28,Laptop,East,2,299,1598
2023-04-06,Headphones,North,3,999,598
2023-03-19,Laptop,East,2,999,999
2023-06-11,Phone,North,3,299,2397
2023-03-09,Tablet,North,1,299,1998
2023-03-07,Headphones,West,4,799,1196
2023-01-05,Tablet,West,4,799,1196
2023-04-06,Tablet,South,3,799,1996
2023-06-03,Tablet,East,4,999,998
2023-05-22,Laptop,South,3,999,998
2023-05-22,Phone,East,1,999,2997
2023-05-01,Laptop,North,2,999,799
2023-05-18,Laptop,North,4,299,499
2023-01-28,Tablet,East,1,299,1996
2023-05-26,Phone,West,2,299,1196
2023-02-08,Tablet,North,1,299,999
2023-02-21,Phone,North,1,799,3196
2023-01-09,Laptop,South,4,299,799
2023-02-18,Phone,West,4,299,299
2023-03-23,Phone,West,3,999,3196
2023-01-28,Tablet,West,1,499,299
2023-04-01,Tablet,North,4,799,3196
2023-03-01,Laptop,East,4,499,3196
2023-05-20,Laptop,West,2,499,598
2023-03-20,Tablet,East,3,499,1996
2023-03-26,Laptop,North,2,999,1196
2023-02-06,Tablet,West,4,299,499
2023-01-09,Phone,East,2,499,299
2023-06-04,Phone,North,1,799,998
2023-06-18,Phone,North,4,299,897
2023-02-22,Laptop,North,4,499,1196
2023-04-02,Tablet,South,3,799,3996
2023-01-25,Headphones,East,2,299,1598
2023-02-22,Headphones,South,4,799,1196
2023-03-14,Laptop,West,1,499,598
2023-06-23,Tablet,North,4,799,2997
2023-05-13,Phone,North,2,299,598
2023-06-07,Tablet,West,4,499,3996
2023-06-11,Laptop,South,4,799,999
2023-02-21,Tablet,West,3,999,1497
2023-03-23,Headphones,West,1,999,2397
2023-05-01,Headphones,East,3,999,1497
2023-05-07,Headphones,East,1,299,499
2023-02-26,Headphones,West,1,299,499
2023-01-04,Headphones,East,4,299,1998
2023-03-25,Phone,North,4,999,1497
2023-03-02,Laptop,West,1,799,1196
2023-06-10,Phone,South,2,299,999
2023-06-25,Phone,North,1,299,897
2023-03-23,Phone,West,3,799,598
2023-05-04,Headphones,South,4,999,2997
2023-05-06,Laptop,South,4,499,999
2023-06-14,Headphones,West,1,799,3196
2023-04-14,Tablet,West,1,299,998
2023-04-04,Headphones,South,4,999,1998
2023-03-28,Headphones,East,1,499,998
2023-06-24,Laptop,West,2,999,1598
2023-04-19,Headphones,North,4,999,2397
2023-01-18,Tablet,West,1,499,1996
2023-03-25,Headphones,South,1,799,999
2023-04-20,Headphones,East,3,499,998
2023-06-28,Tablet,East,1,999,3196
2023-01-20,Laptop,South,2,499,499
2023-01-22,Laptop,South,1,499,499
2023-05-19,Phone,East,2,999,2397
2023-05-05,Headphones,North,1,999,3196
2023-04-06,Phone,West,2,499,2997
2023-03-01,Headphones,North,4,999,999
2023-06-28,Headphones,West,1,499,1196
2023-01-04,Laptop,South,4,299,1998
2023-06-28,Tablet,East,3,299,598
2023-02-16,Headphones,South,3,999,799
2023-06-12,Laptop,North,4,299,897
2023-02-26,Tablet,North,1,299,1598
2023-03-07,Phone,East,3,999,1196
2023-03-20,Headphones,East,4,499,999
2023-02-12,Headphones,West,2,799,999
2023-05-18,Laptop,East,3,999,299
2023-01-19,Tablet,North,1,299,3196
2023-05-09,Laptop,South,1,299,2997
2023-01-07,Phone,East,1,799,3196
2023-05-02,Headphones,South,3,799,2997
2023-01-17,Phone,South,2,999,1598
2023-02-21,Laptop,South,2,299,999
2023-02-02,Headphones,West,3,799,2997
2023-04-24,Tablet,West,2,299,2997
2023-03-19,Tablet,North,4,299,2397
2023-04-26,Tablet,West,2,299,998
2023-05-15,Phone,West,4,999,2397
2023-01-08,Phone,West,2,799,2997
2023-01-24,Phone,East,4,299,999
2023-04-03,Phone,East,4,499,499
2023-02-11,Tablet,North,3,499,1196
2023-02-08,Headphones,West,4,799,3196
2023-05-08,Tablet,North,3,499,3996
2023-02-10,Headphones,West,2,299,998
2023-03-13,Tablet,East,2,499,3996
2023-01-28,Laptop,East,4,299,299
2023-04-16,Tablet,North,4,999,1998
2023-06-19,Headphones,North,4,499,998
2023-01-13,Tablet,North,1,999,999
2023-04-28,Phone,South,3,499,897
2023-03-05,Laptop,East,1,299,299
2023-02-26,Phone,South,1,499,299
2023-05-09,Headphones,South,2,999,897
2023-04-25,Tablet,South,3,299,3196
2023-05-24,Phone,South,3,299,3996
2023-02-16,Laptop,West,4,999,1598
2023-05-03,Headphones,South,1,499,2997
2023-02-11,Laptop,East,4,299,1598
2023-05-12,Tablet,South,3,499,2397
2023-04-16,Phone,South,3,299,1196
2023-06-09,Headphones,West,1,299,1497
2023-03-04,Phone,North,3,999,1497
2023-05-03,Laptop,North,1,999,3996
2023-04-12,Laptop,East,1,499,3196
2023-02-19,Laptop,South,3,499,1497
2023-03-02,Headphones,South,2,999,3196
2023-06-03,Tablet,South,3,999,897
2023-01-25,Headphones,West,2,999,998
2023-06-16,Laptop,East,2,499,2997
2023-03-09,Headphones,West,1,499,998
2023-01-27,Headphones,East,1,299,1497
2023-04-14,Headphones,South,1,799,1196
2023-01-09,Headphones,North,4,299,999
2023-03-21,Tablet,North,3,999,1598
2023-04-27,Headphones,West,4,999,799
2023-06-22,Laptop,West,3,499,897
2023-05-17,Headphones,South,4,499,897
2023-06-18,Laptop,East,1,799,1196
2023-05-03,Headphones,North,1,799,799
2023-01-04,Tablet,North,2,299,3196
2023-05-23,Tablet,West,4,999,3996
2023-01-19,Phone,West,1,999,3196
2023-03-06,Headphones,North,1,499,1996
2023-04-28,Headphones,South,4,799,2997
2023-04-02,Headphones,South,3,499,799
2023-06-06,Phone,North,2,799,299
2023-06-26,Tablet,West,3,299,1598
2023-01-13,Laptop,East,4,999,897
2023-05-20,Headphones,North,1,799,1598
2023-06-17,Phone,West,3,299,3196
2023-02-07,Laptop,North,1,299,1998
2023-03-22,Phone,North,1,299,799
2023-01-17,Headphones,North,3,499,1497
2023-01-07,Laptop,West,3,999,1497
2023-05-14,Laptop,North,4,299,897
2023-05-21,Laptop,West,1,299,799
2023-02-07,Headphones,South,1,299,499
2023-06-23,Phone,North,3,499,499
2023-04-18,Phone,South,4,999,499
2023-04-18,Laptop,East,3,299,1196
2023-01-01,Headphones,South,3,499,499
2023-02-09,Phone,South,3,499,999
2023-06-18,Tablet,South,1,799,897
2023-03-20,Phone,East,1,999,999
2023-03-16,Phone,West,2,799,999
2023-04-03,Tablet,North,3,799,2997
2023-05-21,Phone,North,3,499,499
2023-01-06,Headphones,North,2,499,598
2023-03-13,Tablet,North,1,999,1998
2023-04-12,Phone,West,3,499,1196
2023-01-23,Headphones,East,4,299,998
2023-01-22,Headphones,West,1,299,2997
2023-04-05,Tablet,West,1,299,799
2023-04-19,Laptop,South,4,999,1996
2023-03-15,Tablet,East,2,499,799
2023-06-05,Headphones,South,4,299,1196
2023-06-01,Tablet,West,1,799,1598
2023-06-24,Headphones,East,3,499,299
2023-02-27,Phone,South,3,299,2997
2023-03-18,Phone,East,1,499,999
2023-02-05,Phone,North,1,999,3196
2023-03-23,Phone,West,2,299,799
2023-05-13,Tablet,East,2,299,799
2023-06-04,Laptop,North,1,799,999
2023-05-22,Laptop,East,3,499,2997
2023-02-13,Tablet,South,1,799,998
2023-04-21,Headphones,East,3,299,2397
2023-04-24,Laptop,East,1,499,998
2023-04-19,Laptop,North,3,299,598
2023-06-25,Headphones,South,3,799,2397
2023-04-05,Laptop,North,4,999,1497
2023-03-21,Phone,East,2,799,897
2023-06-21,Phone,East,3,299,799
2023-04-09,Phone,South,4,999,499
2023-03-26,Headphones,West,4,299,3996
2023-02-04,Phone,East,1,999,1996
2023-03-11,Headphones,North,3,999,499
2023-05-14,Tablet,South,4,499,1497
2023-04-07,Laptop,East,4,499,299
2023-04-13,Laptop,North,1,799,1196
2023-03-06,Tablet,East,1,799,2997
2023-05-23,Headphones,South,4,999,999
2023-03-03,Phone,South,2,299,1598
2023-04-02,Laptop,West,3,299,1598
2023-06-15,Tablet,East,2,299,1598
2023-06-07,Tablet,North,4,799,799
2023-05-13,Headphones,West,1,299,3196
2023-01-04,Tablet,South,3,299,2397
2023-02-14,Phone,West,4,999,2997
2023-03-03,Headphones,East,2,299,799
2023-02-13,Laptop,East,3,999,3996
2023-01-23,Phone,South,4,299,598
2023-02-02,Phone,North,4,499,897
2023-02-07,Tablet,West,3,999,3996
2023-03-22,Laptop,East,1,499,799
2023-01-21,Laptop,North,3,799,2397
2023-01-22,Tablet,North,3,499,3996
2023-02-10,Headphones,West,2,299,1196
2023-02-14,Phone,West,2,299,299
2023-06-04,Laptop,East,3,299,598
2023-06-02,Phone,West,2,499,2397
2023-04-17,Tablet,North,3,799,1598
2023-02-18,Headphones,South,2,799,897
2023-02-08,Laptop,South,1,299,299
2023-05-28,Tablet,North,1,499,2397
2023-03-02,Headphones,West,4,999,1497
2023-05-19,Laptop,South,4,299,1996
2023-05-17,Phone,East,2,799,299
2023-03-25,Headphones,East,2,499,2397
2023-05-11,Laptop,North,1,299,1996
2023-01-04,Tablet,North,2,799,299
2023-03-19,Headphones,North,2,799,999
2023-04-09,Tablet,East,4,999,3996
2023-03-12,Laptop,West,3,799,999
2023-05-13,Headphones,East,2,299,799
2023-06-11,Phone,West,2,799,3196
2023-05-13,Phone,North,4,299,897
2023-02-03,Headphones,South,4,299,299
2023-06-22,Laptop,West,1,299,1497
2023-05-25,Laptop,South,2,999,299
2023-05-10,Phone,North,1,999,3996
2023-06-17,Headphones,South,2,499,499
2023-06-17,Headphones,South,4,299,499
2023-01-04,Phone,West,2,999,299
2023-04-16,Tablet,North,4,299,598
2023-03-22,Laptop,South,3,499,1598
2023-02-05,Phone,East,4,299,799
2023-01-23,Phone,East,4,799,598
2023-03-21,Headphones,North,3,299,1497
2023-01-11,Headphones,North,3,799,1196
2023-05-22,Tablet,West,4,499,799
2023-05-02,Phone,West,1,499,1996
2023-04-26,Headphones,South,4,799,2397
2023-04-18,Tablet,East,4,299,1598
2023-01-27,Phone,West,3,999,999
2023-01-10,Tablet,North,3,499,799
2023-04-15,Tablet,West,3,499,799
2023-04-06,Headphones,South,4,799,1497
2023-01-14,Phone,South,1,999,299
2023-04-09,Tablet,West,2,799,1998
2023-03-02,Tablet,West,1,999,999
2023-05-06,Phone,South,2,999,1998
2023-02-14,Laptop,East,2,499,1998
2023-05-08,Headphones,North,3,299,799
2023-03-13,Phone,East,3,299,3996
2023-01-16,Headphones,East,4,299,1196
2023-03-26,Phone,North,4,499,799
2023-02-19,Tablet,East,2,999,1998
2023-06-04,Headphones,East,1,499,999
2023-01-11,Tablet,North,4,999,998
2023-05-10,Headphones,South,4,299,2997
2023-01-11,Tablet,North,3,299,3996
2023-06-22,Headphones,North,1,999,3196
2023-04-28,Phone,East,3,799,3996
2023-04-08,Phone,East,4,299,2997
2023-05-27,Laptop,North,3,299,799
2023-02-04,Laptop,South,4,499,2997
2023-03-01,Headphones,North,1,499,499
2023-04-20,Laptop,South,3,499,499
2023-03-26,Phone,North,2,799,3196
2023-04-21,Tablet,South,4,799,1598
2023-02-26,Laptop,West,4,499,998
2023-03-09,Laptop,North,2,799,999
2023-02-24,Laptop,North,1,299,299
2023-03-24,Tablet,North,3,299,998
2023-03-13,Headphones,East,3,499,2997
2023-05-21,Phone,West,3,999,1996
2023-02-20,Laptop,North,4,799,1996
2023-06-28,Phone,North,3,299,998
2023-03-05,Laptop,East,3,299,897
2023-05-04,Phone,North,4,299,598
2023-03-02,Laptop,North,3,799,1196
2023-05-05,Tablet,South,1,999,799
2023-05-25,Headphones,South,2,799,999
2023-06-21,Laptop,West,3,299,2997
2023-04-28,Headphones,South,3,499,1996
2023-01-05,Laptop,East,2,999,1998
2023-05-25,Headphones,East,3,999,999
2023-03-15,Phone,West,3,299,3996
2023-05-22,Laptop,West,1,299,1497
2023-02-10,Headphones,East,2,499,1598
2023-01-11,Headphones,South,2,799,299
2023-04-15,Laptop,East,1,799,1598
2023-01-25,Tablet,West,1,799,897
2023-02-08,Tablet,West,3,499,1598
2023-02-07,Laptop,South,1,799,998
2023-01-09,Laptop,South,2,299,3196
2023-03-17,Tablet,North,4,299,2397
2023-01-17,Tablet,South,3,299,1196
2023-04-18,Laptop,East,3,299,897
2023-06-26,Laptop,South,2,799,897
2023-03-19,Phone,North,1,799,1996
2023-05-01,Laptop,East,4,999,3196
2023-06-03,Tablet,West,4,499,2997
2023-01-20,Tablet,West,4,499,598
2023-06-19,Laptop,North,4,499,598
2023-03-18,Headphones,East,3,499,598
2023-04-01,Laptop,West,2,799,2397
2023-03-12,Laptop,South,1,799,299
2023-06-05,Phone,West,3,799,1998
2023-01-19,Phone,North,3,999,998
2023-04-01,Laptop,West,2,499,1497
2023-06-23,Tablet,West,2,799,1196
2023-05-24,Phone,East,2,799,299
2023-02-10,Laptop,South,2,999,299
2023-06-09,Laptop,South,2,299,799
2023-03-17,Headphones,East,3,499,1998
2023-01-03,Headphones,South,4,299,1998
2023-06-26,Tablet,East,3,499,499
2023-06-20,Tablet,North,2,299,1996
2023-04-03,Tablet,South,2,799,1998
2023-03-06,Tablet,East,2,799,299
2023-06-09,Tablet,West,3,299,1598
2023-04-01,Tablet,South,1,999,499
2023-03-22,Tablet,West,1,499,3996
2023-04-02,Phone,North,1,299,799
2023-05-04,Tablet,North,1,299,2397
2023-02-04,Laptop,North,2,999,1196
2023-06-16,Phone,North,2,999,2997
2023-02-03,Headphones,East,1,499,299
2023-04-27,Laptop,East,2,499,1196
2023-01-11,Laptop,North,2,999,3196
2023-01-21,Tablet,East,4,299,897
2023-01-25,Phone,North,3,299,598
2023-03-18,Tablet,South,2,799,897
2023-02-16,Tablet,South,2,999,1497
2023-04-27,Tablet,North,4,999,2997
2023-06-01,Tablet,West,3,999,1996
2023-06-10,Laptop,North,1,999,2397
2023-01-28,Headphones,North,2,799,999
2023-03-21,Phone,North,2,499,897
2023-06-26,Headphones,West,2,299,2397
2023-04-18,Phone,East,2,299,2997
2023-01-13,Headphones,South,4,499,499
2023-06-24,Headphones,West,3,799,1497
2023-06-06,Phone,North,1,999,1598
2023-05-05,Laptop,South,4,799,998
2023-03-13,Tablet,West,3,499,3196
2023-01-04,Headphones,West,3,299,998
2023-01-21,Laptop,East,2,299,3196
2023-05-23,Phone,West,3,299,299
2023-06-10,Laptop,South,2,499,3196
2023-01-21,Laptop,North,2,499,499
2023-06-09,Phone,North,2,499,299
2023-03-25,Tablet,South,1,799,2397
2023-05-14,Headphones,East,4,499,799
2023-05-02,Laptop,South,4,999,1998
2023-06-01,Phone,North,2,499,3996
2023-03-14,Phone,South,3,299,897
2023-02-09,Phone,West,3,999,1497
2023-06-19,Phone,East,2,299,1196
2023-03-09,Tablet,North,2,799,1497
2023-02-08,Tablet,South,1,799,1998
2023-03-13,Phone,North,2,799,1996
2023-05-16,Laptop,North,4,799,499
2023-02-17,Tablet,North,1,999,499
2023-02-17,Tablet,North,1,799,1598
2023-03-25,Tablet,North,3,499,799
2023-03-26,Headphones,West,1,999,3196
2023-01-25,Phone,West,1,499,1996
2023-06-09,Tablet,South,1,499,2997
2023-01-13,Tablet,East,3,799,1998
2023-01-08,Phone,East,4,299,598
2023-06-06,Headphones,East,1,299,1996
2023-04-20,Laptop,North,1,999,1598
2023-05-22,Tablet,West,4,799,2997
2023-05-03,Tablet,East,2,999,1196
2023-03-23,Phone,West,3,299,1996
2023-02-11,Headphones,East,2,499,1998
2023-01-09,Headphones,East,4,999,299
2023-01-04,Headphones,North,2,999,299
2023-05-07,Headphones,South,4,799,2397
2023-03-12,Laptop,East,3,299,499
2023-04-06,Laptop,South,1,299,1497
2023-03-21,Headphones,South,4,999,799
2023-06-10,Headphones,South,1,799,2997
2023-03-25,Headphones,North,3,999,1998
2023-04-10,Headphones,East,3,299,999
2023-02-18,Headphones,East,2,499,1998
2023-01-06,Laptop,East,3,999,2997
2023-05-01,Phone,North,4,299,999
2023-06-13,Tablet,West,3,999,998
2023-05-15,Tablet,West,4,499,2997
2023-04-26,Laptop,West,4,799,1196
2023-01-05,Tablet,South,2,799,299
2023-03-15,Laptop,West,4,999,598
2023-06-25,Headphones,South,3,299,1996
2023-05-07,Headphones,North,2,999,598
2023-03-01,Phone,North,4,999,1996
2023-04-12,Tablet,North,3,499,3196
2023-02-03,Laptop,East,3,499,897
2023-05-13,Laptop,East,4,499,2397
2023-03-22,Tablet,South,3,299,3196
2023-03-22,Phone,East,2,299,1598
2023-04-23,Tablet,West,3,999,1497
2023-05-21,Laptop,South,3,799,3196
2023-05-19,Tablet,South,2,799,2397
2023-04-16,Tablet,East,4,499,1998
2023-04-05,Tablet,East,1,499,299
2023-02-04,Phone,North,2,299,1598
2023-06-11,Headphones,East,1,999,1497
2023-06-18,Headphones,East,3,799,3196
2023-01-27,Tablet,North,1,999,1998
2023-03-01,Headphones,East,4,799,897
2023-04-22,Phone,South,3,799,999
2023-06-18,Headphones,South,4,799,1497
2023-03-15,Headphones,West,2,299,1998
2023-03-28,Headphones,South,2,799,999
2023-05-17,Phone,South,4,999,998
2023-04-08,Tablet,South,4,299,299
2023-02-17,Headphones,West,4,499,3996
2023-06-11,Tablet,West,1,499,897
2023-03-21,Tablet,West,4,499,499
2023-03-20,Laptop,South,1,499,1497
2023-01-08,Tablet,East,1,999,598
2023-04-07,Laptop,East,4,799,299
2023-02-19,Phone,East,2,999,897
2023-02-02,Tablet,West,2,999,3996
2023-04-15,Laptop,West,3,799,1598
2023-04-24,Tablet,West,3,999,1196
2023-05-24,Headphones,South,3,299,299
2023-05-13,Headphones,West,1,999,598
2023-02-06,Tablet,West,3,299,2997
2023-02-23,Tablet,West,2,299,1598
2023-06-10,Headphones,West,2,299,897
2023-04-23,Laptop,North,3,499,2997
2023-01-23,Phone,North,4,999,999
2023-05-25,Headphones,South,3,299,3196
2023-02-15,Tablet,East,3,499,799
2023-01-08,Headphones,South,3,799,1598
2023-01-12,Headphones,South,3,299,2397
2023-03-16,Phone,West,3,499,1996
2023-01-08,Laptop,North,1,799,999
2023-03-13,Laptop,West,2,999,2997
2023-04-28,Tablet,West,1,799,1996
2023-06-06,Headphones,West,1,999,897
2023-03-13,Phone,South,4,999,3196
2023-06-08,Tablet,West,2,799,1998
2023-03-10,Tablet,West,3,299,499
2023-05-05,Phone,West,1,499,499
2023-06-21,Phone,West,3,499,598
2023-05-13,Tablet,South,2,799,1196
2023-05-17,Phone,West,1,799,2397
2023-01-24,Phone,West,2,499,499
2023-06-08,Headphones,East,2,499,2397
2023-05-17,Headphones,North,1,299,2997
2023-06-18,Tablet,North,2,499,299
2023-02-14,Phone,South,1,499,999
2023-05-16,Tablet,North,4,499,1996
2023-01-20,Phone,West,3,799,897
2023-04-01,Laptop,West,1,999,2397
2023-04-03,Tablet,South,4,799,1996
2023-04-01,Laptop,South,1,799,1196
2023-03-12,Laptop,East,4,999,998
2023-03-07,Tablet,East,1,799,3996
2023-05-21,Laptop,West,3,299,1998
2023-02-06,Laptop,North,4,499,598
2023-01-17,Tablet,East,3,299,799
2023-03-02,Tablet,West,3,499,1996
2023-01-06,Tablet,West,2,299,1998
2023-05-19,Headphones,West,2,999,499
2023-04-26,Laptop,West,2,299,799
2023-04-23,Headphones,South,3,999,1996
2023-06-08,Headphones,East,4,799,1998
2023-01-12,Headphones,West,4,999,3996
2023-04-27,Laptop,East,4,299,1996
2023-06-13,Laptop,East,2,499,598
2023-06-22,Phone,North,2,299,1196
2023-02-19,Tablet,West,1,499,998
2023-01-15,Tablet,West,1,799,3996
2023-02-23,Tablet,South,4,299,897
2023-01-22,Laptop,South,2,499,1598
2023-01-20,Laptop,West,2,799,1598
2023-01-20,Phone,North,3,999,1998
2023-04-15,Phone,North,1,299,999
2023-05-06,Laptop,East,4,299,1497
2023-04-27,Phone,North,4,499,598
2023-03-08,Phone,South,1,299,299
2023-03-05,Phone,North,1,499,299
2023-03-13,Phone,North,1,799,897
2023-02-01,Headphones,West,3,999,897
2023-04-12,Tablet,South,1,499,1996
2023-05-22,Headphones,South,2,799,1497
2023-02-21,Headphones,East,2,499,897
2023-01-12,Laptop,East,2,299,499
2023-01-01,Laptop,East,2,999,1598
2023-01-22,Phone,East,1,299,3996
2023-01-17,Phone,South,1,799,1598
2023-06-13,Phone,East,2,999,897
2023-05-15,Phone,North,3,799,499
2023-05-24,Tablet,West,2,799,1998
2023-01-23,Laptop,South,2,499,999
2023-04-06,Phone,East,4,999,598
2023-01-25,Phone,South,1,499,1196
2023-03-11,Tablet,West,3,799,1497
2023-04-04,Tablet,West,2,299,1196
2023-05-17,Tablet,East,2,799,897
2023-04-13,Phone,South,4,999,299
2023-06-04,Headphones,East,4,299,3996
2023-04-13,Phone,West,4,799,998
2023-03-22,Headphones,West,3,499,2397
2023-05-02,Headphones,East,4,299,1497
2023-02-25,Headphones,East,2,999,1998
2023-02-05,Laptop,North,3,299,998
2023-06-13,Tablet,North,2,999,3996
2023-05-14,Headphones,West,1,499,598
2023-02-18,Tablet,West,2,299,799
2023-02-20,Phone,West,4,499,1497
2023-02-11,Tablet,North,4,299,897
2023-01-09,Tablet,North,4,999,3996
2023-03-22,Laptop,West,2,299,1497
2023-05-27,Phone,East,1,299,1996
2023-06-01,Phone,North,3,799,499
2023-02-19,Laptop,East,1,499,1196
2023-06-25,Headphones,South,1,299,1996
2023-01-10,Phone,South,1,999,1998
2023-01-25,Phone,East,4,299,1998
2023-03-11,Tablet,North,1,999,499
2023-01-02,Headphones,North,2,999,998
2023-03-16,Laptop,East,2,499,499
2023-02-16,Phone,North,4,499,1497
2023-02-12,Headphones,North,4,499,1998
2023-02-27,Tablet,East,3,499,1996
2023-06-08,Headphones,West,1,999,2397
2023-05-17,Headphones,West,1,299,999
2023-04-28,Phone,North,3,299,999
2023-06-10,Tablet,North,4,299,799
2023-05-03,Tablet,West,3,999,1996
2023-05-10,Laptop,West,1,499,897
2023-05-20,Laptop,South,3,299,1998
2023-02-05,Phone,West,2,799,1497
2023-02-13,Tablet,South,2,799,3996
2023-04-20,Tablet,West,1,499,1497
2023-06-06,Headphones,East,3,799,3196
2023-04-18,Phone,North,4,499,998
2023-05-22,Phone,West,1,299,1598
2023-02-09,Phone,East,3,299,2997
2023-06-03,Laptop,North,1,499,1497
2023-05-02,Tablet,West,2,999,598
2023-01-16,Headphones,South,3,799,1497
2023-01-11,Tablet,North,4,499,998
2023-02-12,Tablet,North,1,499,1196
2023-01-15,Headphones,North,2,499,1998
2023-04-12,Tablet,South,3,299,998
2023-03-13,Tablet,West,3,999,2397
2023-06-02,Laptop,West,2,299,1998
2023-04-06,Headphones,North,4,799,598
2023-02-08,Laptop,North,4,799,1998
2023-05-22,Headphones,North,2,799,3996
2023-03-27,Laptop,West,2,299,1598
2023-02-12,Headphones,North,4,999,999
2023-01-02,Headphones,West,3,299,1598
2023-03-28,Headphones,West,2,499,998
2023-01-14,Phone,North,3,299,299
2023-04-07,Headphones,North,2,999,1598
2023-02-24,Phone,South,4,999,3996
2023-06-04,Laptop,West,2,999,897
2023-05-04,Headphones,North,4,799,299
2023-04-18,Phone,East,3,299,499
2023-03-05,Headphones,North,4,499,998
2023-06-06,Headphones,West,1,799,2997
2023-05-07,Phone,West,3,299,799
2023-06-15,Headphones,South,1,799,897
2023-03-14,Tablet,East,1,799,1497
2023-01-28,Tablet,South,2,999,897
2023-05-27,Headphones,East,1,799,999
2023-01-22,Phone,North,1,299,2397
2023-01-20,Headphones,East,4,499,1497
2023-06-24,Tablet,North,2,999,1996
2023-04-14,Tablet,North,3,999,499
2023-01-17,Phone,North,4,999,3196
2023-03-01,Tablet,West,3,799,897
2023-04-20,Laptop,West,1,499,1996
2023-06-19,Phone,East,1,499,799
2023-04-25,Phone,West,4,499,799
2023-06-11,Tablet,West,4,299,1998
2023-03-26,Tablet,East,1,299,299
2023-03-16,Tablet,East,4,499,1497
2023-06-11,Phone,South,3,499,1998
2023-03-19,Headphones,South,2,299,1598
2023-02-28,Laptop,East,4,299,897
2023-06-15,Headphones,East,3,499,299
2023-01-12,Phone,South,2,299,1497
2023-05-05,Phone,North,4,299,799
2023-01-22,Phone,North,4,999,1996
